id, pace, shooting, passing, dribbling, defending, physicality,rarity
1,76,75,86,84,58,63,1
2,65,71,81,80,80,83,1
3,80,43,71,75,84,82,3
4,84,82,74,86,40,74,1
5,84,74,78,83,65,65,1
6,48,25,36,47,18,48,1
7,84,60,75,78,76,79,1
8,68,36,60,58,83,80,0
9,78,39,67,71,80,79,1
10,78,71,76,81,32,61,0
11,68,65,80,80,77,69,0
12,70,29,67,72,81,76,0
13,49,64,79,69,69,80,0
14,74,33,67,71,80,79,0
15,87,71,68,80,45,68,1
16,75,71,77,77,40,52,0
17,54,34,61,66,78,73,0
18,38,21,24,40,14,44,0
19,56,63,71,70,73,73,0
20,66,58,75,78,69,69,0
21,71,61,70,75,73,64,0
22,86,64,68,77,36,54,1
23,81,62,66,75,33,54,1
24,81,71,55,75,24,61,1
25,35,14,18,30,13,37,1
26,65,54,60,66,60,60,1
27,58,26,39,45,18,51,1
28,76,47,63,67,82,82,1
29,62,79,80,88,52,59,1
30,78,69,80,79,77,76,0
31,71,74,81,83,66,70,0
32,70,54,71,73,80,79,1
33,92,78,74,83,33,61,1
34,69,74,76,77,73,81,0
35,78,39,62,71,80,76,1
36,72,82,70,78,45,70,0
37,80,67,71,75,74,76,0
38,84,76,68,74,46,77,1
39,67,68,77,77,73,70,0
40,71,44,67,66,78,80,0
41,74,49,69,72,75,78,0
42,64,62,77,74,74,70,0
43,69,73,77,75,70,72,0
44,61,69,76,71,77,81,0
45,48,22,53,55,77,78,0
46,35,23,32,32,17,44,0
47,65,56,69,68,76,73,0
48,75,74,71,78,67,74,1
49,62,49,62,71,74,76,0
50,67,65,75,77,72,67,1
51,50,23,23,39,13,44,0
52,77,69,53,71,25,64,0
53,50,31,41,38,57,50,1
54,84,73,63,74,41,76,0
55,69,59,65,69,71,76,1
56,46,23,30,39,14,47,1
57,70,70,71,75,53,71,1
58,63,32,50,62,70,77,0
59,54,32,53,58,72,74,0
60,77,60,67,72,65,69,1
61,82,64,64,72,39,58,0
62,51,41,50,61,71,71,0
63,70,69,58,67,45,75,0
64,82,60,63,74,42,50,0
65,80,51,60,68,64,64,0
66,74,51,64,65,64,70,0
67,75,45,59,66,62,69,0
68,80,65,62,70,48,64,0
69,72,66,50,62,31,73,0
70,75,54,59,67,64,65,0
71,71,40,55,60,65,75,0
72,15,17,19,32,11,35,0
73,67,40,63,64,62,60,0
74,65,47,62,67,59,58,1
75,71,39,56,59,61,65,0
76,78,55,55,68,24,46,0
77,74,33,52,60,56,56,0
78,74,59,47,62,26,60,0
79,67,26,49,44,58,65,0
80,73,61,43,58,18,54,0
81,53,33,42,50,56,67,0
82,59,30,45,52,59,60,0
83,70,35,55,61,52,59,0
84,73,56,48,61,27,49,0
85,28,15,18,26,11,40,0
86,82,64,61,71,48,67,0
87,69,64,60,65,37,70,0
88,68,39,45,51,66,85,1
89,69,60,64,65,60,70,0
90,50,59,66,66,63,64,0
91,87,54,60,67,59,64,1
92,79,65,58,65,40,76,0
93,79,55,61,68,61,69,1
94,60,33,49,59,64,72,0
95,66,57,65,63,61,70,0
96,75,66,62,68,55,66,0
97,76,63,51,60,44,78,0
98,69,64,59,65,44,67,1
99,25,16,29,26,9,34,1
100,73,42,55,58,61,74,1
101,49,46,59,58,62,70,1
102,83,57,58,66,34,52,1
103,55,31,37,39,63,71,0
104,74,46,57,62,60,75,0
105,78,36,54,62,54,59,0
106,64,53,58,63,56,64,0
107,42,31,42,46,61,70,0
108,30,18,34,29,13,35,0
109,66,40,53,57,56,57,0
110,72,66,74,81,87,82,1
111,82,33,59,68,88,85,1
112,34,17,31,43,11,42,1
113,49,54,73,72,87,76,1
114,90,80,78,86,45,67,1
115,87,84,74,79,36,68,1
116,54,67,86,81,73,73,1
117,81,79,79,84,45,66,1
118,74,81,85,82,55,67,1
119,70,69,83,88,71,71,1
120,81,70,82,82,80,82,1
121,76,77,87,83,50,65,1
122,87,71,73,86,37,59,1
123,76,60,78,78,78,75,1
124,64,55,76,72,84,76,0
125,82,64,73,77,80,85,1
126,76,68,78,80,77,74,0
127,33,24,38,39,18,44,0
128,75,37,55,64,81,76,1
129,74,76,75,78,67,74,0
130,65,68,75,78,66,75,0
131,64,47,65,68,76,76,0
132,76,74,54,75,29,76,0
133,29,19,28,36,15,38,0
134,65,59,64,70,49,57,1
135,50,30,39,48,18,59,0
136,67,66,72,78,83,76,1
137,70,69,73,79,79,77,1
138,81,77,64,76,39,80,0
139,67,76,74,78,78,82,0
140,47,57,75,66,79,73,0
141,55,45,65,62,81,80,0
142,52,49,63,62,80,79,0
143,37,54,59,58,78,77,0
144,82,44,61,65,76,80,1
145,86,76,69,81,37,58,1
146,76,46,64,61,73,62,0
147,70,65,75,79,53,66,0
148,74,77,67,73,41,72,0
149,74,73,75,79,38,65,0
150,65,65,72,76,77,70,0
151,71,43,68,68,76,76,0
152,43,24,23,38,14,48,0
153,74,64,72,78,38,65,0
154,65,64,73,75,69,70,0
155,80,69,72,75,37,62,0
156,54,73,65,69,32,74,1
157,74,59,69,71,71,76,1
158,86,55,70,77,64,63,1
159,67,63,72,68,68,70,0
160,77,44,57,64,62,69,0
161,65,43,56,64,61,58,1
162,40,17,21,36,14,44,1
163,53,24,27,30,52,64,1
164,62,45,47,51,42,54,0
165,89,73,72,85,53,63,1
166,82,78,68,73,42,77,0
167,80,67,71,72,73,82,1
168,77,77,76,78,45,69,0
169,80,72,71,79,49,69,0
170,38,18,33,39,18,40,0
171,67,40,63,68,75,78,0
172,80,48,69,73,73,76,1
173,49,35,56,58,77,77,0
174,57,38,61,63,77,76,0
175,62,38,60,64,77,73,0
176,45,62,76,72,70,67,0
177,64,57,64,72,75,75,0
178,53,19,20,40,14,44,0
179,75,62,70,71,72,75,0
180,70,70,71,74,73,76,0
181,65,71,74,72,66,72,1
182,81,66,68,78,53,63,1
183,61,61,73,74,66,70,1
184,75,72,61,77,28,70,1
185,88,64,60,73,24,51,1
186,86,66,61,76,31,64,1
187,78,35,57,64,62,70,0
188,71,64,65,67,52,67,0
189,71,32,54,58,64,66,0
190,34,16,23,40,12,43,0
191,67,56,48,58,24,55,0
192,67,45,56,58,52,67,1
193,90,89,82,90,45,75,1
194,81,60,71,72,91,86,1
195,53,24,39,46,18,47,1
196,76,69,89,80,80,73,1
197,80,61,81,81,82,76,1
198,66,69,78,77,86,83,1
199,61,72,87,90,72,69,1
200,85,83,75,85,57,77,1
201,61,46,69,71,87,78,1
202,91,80,75,87,34,73,1
203,66,74,83,78,78,81,1
204,74,76,79,87,59,78,1
205,89,82,68,77,42,86,1
206,78,34,57,67,82,80,1
207,69,74,76,86,69,68,1
208,80,30,67,69,81,78,1
209,71,65,80,86,72,69,0
210,52,70,80,76,77,74,0
211,80,74,76,81,67,74,1
212,80,57,72,75,72,75,0
213,68,68,72,80,64,71,0
214,42,18,26,40,13,42,1
215,52,30,49,51,74,75,1
216,78,62,71,78,37,42,1
217,78,68,67,75,45,52,1
218,43,25,21,42,18,52,0
219,78,43,60,66,56,67,1
220,72,57,54,65,25,46,0
221,64,57,60,63,58,55,0
222,68,35,52,50,57,54,0
223,75,89,94,88,66,79,3
224,74,88,93,87,64,77,1
225,63,31,42,51,18,55,1
226,89,91,65,80,49,87,1
227,77,78,84,92,61,68,1
228,63,39,66,68,88,88,1
229,85,73,85,85,81,73,1
230,58,72,78,79,83,84,1
231,80,83,81,90,38,60,1
232,61,50,72,69,86,79,1
233,82,78,81,88,56,60,1
234,64,80,85,85,72,72,1
235,91,63,77,78,80,82,1
236,76,76,83,87,46,69,1
237,72,51,71,75,84,77,1
238,77,48,70,74,83,78,1
239,66,65,77,76,79,82,1
240,52,23,34,46,20,53,1
241,76,80,76,83,55,75,1
242,76,53,70,70,79,75,1
243,70,70,74,75,69,66,1
244,76,65,62,70,45,57,1
245,77,62,61,74,39,42,0
246,75,65,60,66,40,65,1
247,35,21,22,35,16,48,0
248,67,47,57,61,50,50,0
249,81,92,78,85,34,75,1
250,63,73,75,72,87,90,1
251,51,22,34,49,22,48,1
252,72,86,88,81,67,76,1
253,81,74,81,89,36,59,1
254,81,49,64,66,85,80,1
255,61,78,88,80,53,52,1
256,93,74,75,86,39,69,1
257,48,57,68,67,80,84,0
258,87,82,75,81,41,71,1
259,72,60,76,77,82,83,1
260,76,67,79,81,75,71,1
261,63,74,74,75,78,85,1
262,59,51,72,72,82,76,0
263,83,79,72,84,35,66,1
264,76,54,78,78,79,78,1
265,46,21,34,46,17,50,0
266,82,50,66,75,78,73,1
267,67,77,76,78,72,75,0
268,85,56,66,77,76,76,1
269,79,60,73,78,73,77,0
270,88,66,64,75,38,57,1
271,81,36,63,68,73,72,1
272,49,20,26,43,16,52,1
273,79,56,65,72,69,69,1
274,37,50,60,55,74,66,1
275,82,64,64,73,32,60,0
276,68,40,52,58,67,79,0
277,79,39,54,59,65,71,1
278,73,57,60,68,40,56,1
279,53,21,33,44,13,52,0
280,66,46,58,59,73,77,0
281,85,55,65,73,64,58,1
282,64,29,56,59,74,72,1
283,62,62,67,68,73,76,1
284,52,37,53,62,71,79,0
285,83,71,53,71,29,74,1
286,56,69,72,70,64,73,1
287,54,68,67,68,68,71,0
288,79,69,69,74,63,73,1
289,67,67,64,68,68,80,1
290,89,56,67,69,58,64,1
291,77,34,57,66,71,75,1
292,67,46,66,65,68,72,0
293,70,70,56,69,33,72,0
294,79,26,52,64,68,75,0
295,75,35,54,65,67,71,0
296,75,69,57,67,24,58,0
297,49,23,26,43,18,49,1
298,81,67,62,69,36,61,0
299,74,69,45,64,39,68,0
300,46,21,27,35,17,46,0
301,75,57,50,62,33,55,0
302,63,52,55,53,45,61,0
303,27,15,19,27,13,39,0
304,70,64,82,77,80,72,1
305,48,22,27,38,15,55,1
306,90,73,73,88,27,68,1
307,69,67,79,81,76,77,1
308,83,79,68,83,29,68,1
309,58,37,60,62,80,84,0
310,81,78,66,77,42,76,1
311,86,71,73,79,53,61,1
312,47,33,65,63,77,80,0
313,69,47,72,72,74,69,0
314,51,67,70,67,78,74,0
315,40,71,80,72,62,74,0
316,83,69,71,80,49,61,0
317,59,77,60,70,40,80,0
318,57,21,25,48,15,46,0
319,76,67,66,76,67,84,0
320,41,35,49,53,75,75,0
321,76,72,69,77,67,70,0
322,65,58,68,70,74,71,1
323,69,45,63,72,73,65,1
324,61,65,72,71,68,67,1
325,62,40,63,67,75,69,1
326,60,72,75,75,66,65,1
327,79,67,69,74,64,62,0
328,74,53,65,73,69,66,1
329,73,63,64,71,53,61,0
330,34,19,25,38,14,46,0
331,71,63,60,69,25,63,0
332,68,71,75,78,75,74,0
333,83,68,76,80,74,75,1
334,55,17,30,48,13,49,0
335,79,42,65,67,79,78,1
336,75,77,73,79,57,65,0
337,58,36,64,63,77,79,0
338,83,76,59,70,32,80,0
339,87,75,62,77,38,71,1
340,76,70,73,76,57,66,0
341,88,72,67,76,41,57,0
342,64,54,71,82,70,72,0
343,40,20,27,39,16,39,1
344,58,25,51,45,75,76,1
345,69,62,66,75,69,73,1
346,75,46,60,73,69,63,1
347,57,33,54,62,73,77,0
348,57,32,46,51,72,82,1
349,65,59,60,64,71,84,1
350,45,34,54,58,73,72,0
351,76,52,62,65,66,72,0
352,73,45,64,71,67,60,0
353,69,71,55,69,28,71,0
354,68,45,62,66,69,75,1
355,66,69,63,67,64,80,1
356,56,57,64,63,67,68,0
357,71,68,56,68,38,67,0
358,34,20,22,40,16,42,0
359,60,29,49,48,66,67,0
360,53,64,65,63,62,63,0
361,70,54,55,67,29,46,0
362,68,55,45,58,19,53,0
363,23,13,23,33,11,42,0
364,66,43,50,59,48,60,0
365,61,45,52,59,74,78,1
366,83,68,67,76,29,57,1
367,40,14,31,33,12,44,1
368,75,66,68,73,31,48,0
369,63,66,73,70,67,72,1
370,67,69,51,66,29,81,1
371,83,54,64,73,64,69,1
372,54,37,50,55,71,68,0
373,72,68,66,74,38,70,0
374,72,65,66,71,62,63,0
375,65,33,51,49,70,73,0
376,81,52,65,72,62,70,1
377,59,54,65,66,66,65,0
378,73,59,67,69,62,64,0
379,57,54,66,66,63,62,0
380,73,26,48,64,65,58,0
381,73,62,63,68,51,66,0
382,42,21,22,37,15,42,0
383,72,64,51,64,35,72,0
384,79,48,58,65,61,60,0
385,82,57,58,65,43,48,1
386,61,33,42,51,63,66,0
387,76,60,61,65,36,62,1
388,63,50,59,60,57,64,0
389,71,50,57,58,40,41,0
390,62,44,55,57,51,60,0
391,75,51,46,58,20,62,0
392,59,15,24,39,13,46,1
393,54,25,35,37,54,59,0
394,19,12,19,26,10,39,0
395,59,74,86,78,67,73,0
396,59,39,59,62,79,81,0
397,76,43,68,76,74,71,0
398,69,36,51,55,79,80,0
399,72,72,75,75,72,73,0
400,70,77,73,76,65,71,0
401,77,74,71,78,55,70,0
402,81,77,62,75,40,77,0
403,80,68,72,78,68,76,1
404,57,24,27,37,15,50,0
405,78,62,70,74,70,71,0
406,83,47,65,74,70,67,0
407,79,66,67,79,36,65,1
408,84,75,66,75,35,69,1
409,65,48,65,70,71,74,1
410,82,25,50,51,74,76,1
411,74,68,70,74,39,52,0
412,64,36,52,58,73,70,0
413,46,15,32,38,11,40,0
414,39,18,29,40,15,50,1
415,75,67,53,68,26,67,0
416,56,41,52,59,62,60,0
417,89,90,84,87,43,71,3
418,88,89,82,86,42,69,1
419,68,91,83,82,47,82,1
420,61,24,33,47,17,47,1
421,78,81,79,82,74,78,1
422,55,73,77,77,80,82,1
423,73,46,57,65,85,82,1
424,78,77,79,83,56,76,1
425,82,79,72,82,53,79,1
426,72,68,75,79,80,77,1
427,89,77,70,85,46,68,1
428,54,64,70,65,80,84,0
429,67,58,72,72,80,74,0
430,67,62,79,80,78,77,1
431,75,47,55,66,79,79,1
432,68,45,69,64,77,76,0
433,74,62,71,74,75,76,0
434,68,65,73,73,74,75,0
435,77,69,74,82,31,35,0
436,65,47,68,71,75,71,0
437,30,21,26,41,14,55,0
438,89,43,58,74,67,63,0
439,82,65,72,77,68,66,0
440,75,33,62,71,75,80,1
441,67,63,68,72,66,65,0
442,66,64,67,69,60,56,1
443,32,13,17,31,12,34,1
444,62,56,61,63,60,61,0
445,64,55,58,60,51,55,0
446,51,29,42,44,58,60,0
447,71,64,74,76,82,83,1
448,72,78,79,85,69,78,1
449,48,23,24,41,13,50,1
450,57,72,73,72,82,85,0
451,55,24,31,45,16,54,1
452,73,50,64,65,80,77,1
453,78,77,75,81,44,66,0
454,62,51,62,56,80,84,0
455,73,56,73,75,78,81,1
456,73,80,66,74,36,74,0
457,82,75,73,77,55,83,1
458,67,74,79,79,69,71,0
459,69,73,79,82,41,55,0
460,49,40,60,62,82,68,0
461,64,60,75,75,77,68,0
462,75,73,75,81,40,56,0
463,49,47,59,55,79,77,0
464,87,76,71,77,67,77,1
465,74,63,75,78,73,63,0
466,75,44,65,66,76,78,0
467,76,38,62,67,73,71,1
468,42,22,23,42,15,45,1
469,66,53,66,68,66,71,0
470,63,53,63,68,62,67,0
471,78,40,51,57,55,62,0
472,59,38,52,52,55,66,0
473,57,27,39,49,18,57,1
474,90,83,80,88,44,77,1
475,68,72,87,84,83,79,1
476,69,84,83,80,56,71,1
477,78,82,82,83,81,86,1
478,92,77,79,87,30,62,1
479,75,59,61,69,84,87,1
480,82,84,79,85,43,69,1
481,88,81,80,85,38,66,1
482,77,54,70,71,84,80,1
483,94,66,77,85,76,77,1
484,84,66,77,82,76,74,1
485,82,43,61,68,80,81,1
486,75,73,75,87,63,60,1
487,72,81,79,79,66,76,1
488,77,76,78,83,68,72,1
489,66,55,72,71,81,78,0
490,63,73,68,78,38,69,0
491,40,18,24,37,14,45,0
492,74,70,72,74,66,69,1
493,71,39,58,64,71,69,1
494,77,62,59,70,26,58,1
495,16,15,18,26,12,37,0
496,71,48,66,59,85,83,1
497,70,84,84,85,53,65,1
498,53,59,76,72,87,78,1
499,75,75,78,84,77,80,1
500,44,18,28,41,14,50,1
501,74,77,86,87,75,55,0
502,80,78,77,80,82,87,1
503,65,80,62,74,52,82,1
504,67,78,82,85,48,65,1
505,76,56,66,72,84,78,1
506,70,69,77,85,67,70,0
507,77,76,79,83,53,65,1
508,77,62,72,77,76,81,1
509,88,78,72,83,35,73,1
510,69,78,63,70,35,79,0
511,73,74,74,72,74,81,0
512,83,71,71,74,66,77,0
513,78,71,74,82,36,71,0
514,93,76,66,78,24,70,1
515,85,46,65,67,70,80,1
516,74,46,67,76,68,60,1
517,25,15,21,31,11,40,1
518,69,62,67,71,66,75,1
519,84,68,54,77,32,60,1
520,82,58,56,75,24,51,1
521,67,41,57,58,60,71,1
522,41,14,21,42,10,50,0
523,22,14,16,25,9,38,0
524,62,36,50,58,61,65,0
525,65,44,60,68,44,45,0
526,82,38,50,63,54,63,1
527,67,43,58,67,58,62,0
528,51,22,28,47,14,56,1
529,78,80,83,83,67,76,3
530,73,76,80,80,64,72,1
531,68,73,79,80,66,67,0
532,55,79,79,79,60,74,0
533,59,64,75,77,79,75,0
534,70,64,72,74,76,79,0
535,81,77,71,78,48,76,0
536,72,79,79,78,39,73,0
537,70,39,64,68,78,78,0
538,63,41,57,53,79,76,0
539,74,63,67,70,73,80,0
540,42,50,70,71,76,73,0
541,71,69,74,81,69,70,0
542,74,45,59,67,77,76,1
543,46,21,22,38,13,51,1
544,76,44,65,69,70,62,1
545,71,72,72,75,34,60,1
546,64,41,62,66,73,70,1
547,76,68,67,76,36,65,1
548,76,43,61,70,67,69,0
549,86,64,63,69,32,59,1
550,61,58,66,70,54,58,1
551,19,15,20,29,12,39,1
552,67,65,62,64,37,48,0
553,71,57,59,72,32,44,1
554,75,57,64,61,53,63,0
555,67,62,57,65,28,54,0
556,54,31,49,53,62,59,0
557,73,55,56,67,46,46,0
558,75,54,58,63,52,62,0
559,60,59,71,66,84,79,0
560,74,75,80,81,40,63,0
561,80,58,71,71,75,82,1
562,32,23,28,39,14,46,1
563,70,28,56,62,80,74,0
564,79,71,73,81,40,59,0
565,75,70,71,78,37,65,0
566,58,75,72,71,41,73,0
567,62,47,66,68,74,74,0
568,81,72,66,80,24,62,0
569,59,63,70,73,71,74,0
570,67,64,75,76,68,76,1
571,52,77,58,65,40,73,1
572,75,46,59,64,73,68,1
573,69,40,51,57,76,72,1
574,71,73,51,62,51,79,1
575,82,63,66,77,36,63,1
576,60,27,51,54,74,74,1
577,38,18,18,32,12,41,0
578,94,63,57,72,25,56,1
579,75,55,72,68,63,66,1
580,64,48,63,64,65,68,0
581,72,57,62,68,32,46,0
582,63,27,51,58,66,63,0
583,35,16,17,29,12,44,0
584,76,49,64,68,59,67,1
585,68,45,61,63,57,65,1
586,62,33,54,61,61,68,0
587,44,23,17,39,17,47,1
588,62,71,59,67,25,83,1
589,75,44,59,71,67,71,0
590,74,63,72,71,58,67,0
591,67,67,69,72,38,59,0
592,78,62,63,75,42,70,1
593,60,43,69,67,65,68,0
594,55,26,56,53,68,73,0
595,86,66,56,72,38,64,1
596,35,18,18,37,13,42,0
597,46,48,58,57,69,80,1
598,72,54,60,68,64,65,0
599,74,64,59,68,33,72,0
600,78,52,61,67,59,63,0
601,77,60,66,66,60,73,1
602,41,67,62,65,40,76,0
603,55,37,53,57,67,74,0
604,63,30,45,42,66,78,0
605,78,38,48,62,64,70,0
606,86,56,60,64,60,67,1
607,70,64,64,65,60,72,0
608,61,38,44,49,66,71,0
609,85,60,57,66,28,66,0
610,71,69,56,68,37,78,1
611,81,64,46,62,33,72,0
612,77,51,55,66,55,71,1
613,77,58,58,67,36,47,1
614,66,43,58,61,60,68,0
615,73,54,59,63,39,54,0
616,71,32,45,57,56,64,0
617,65,30,39,54,58,62,0
618,80,55,45,61,17,65,0
619,22,14,19,24,11,37,0
620,78,57,72,75,67,71,1
621,60,70,78,74,47,61,1
622,62,73,46,65,30,77,1
623,76,70,74,75,32,54,1
624,43,18,25,37,13,51,1
625,73,69,71,75,38,53,1
626,65,33,46,47,72,74,0
627,54,48,64,66,71,77,1
628,58,41,53,58,74,75,1
629,87,69,64,69,39,75,1
630,75,59,67,73,67,69,0
631,67,55,62,66,70,75,1
632,72,57,66,66,65,67,0
633,24,16,21,30,9,35,0
634,64,32,59,64,66,72,0
635,86,62,59,69,39,58,1
636,72,55,65,68,31,65,1
637,62,57,60,72,36,51,0
638,76,38,56,62,61,58,0
639,46,22,19,36,14,47,1
640,84,54,55,68,50,53,0
641,80,54,55,66,24,49,0
642,23,13,20,26,9,34,0
643,58,39,55,58,56,59,0
644,58,31,34,35,61,60,0
645,70,29,46,59,54,57,0
646,39,19,22,34,15,48,0
647,71,55,65,68,68,67,0
648,46,68,75,73,40,53,1
649,69,25,40,49,70,73,0
650,46,72,43,60,28,78,0
651,79,60,62,65,59,74,1
652,68,43,45,41,67,78,0
653,74,66,61,67,60,77,1
654,48,41,47,42,65,79,0
655,65,68,67,69,35,65,0
656,87,55,66,71,39,60,1
657,74,64,59,65,25,73,0
658,77,64,65,73,53,67,1
659,82,40,54,62,59,64,0
660,80,59,61,68,59,66,0
661,50,62,61,66,59,80,1
662,74,51,64,68,58,58,0
663,85,60,56,67,44,57,0
664,31,15,17,29,13,44,0
665,68,41,55,55,63,70,0
666,68,52,62,66,51,63,1
667,71,63,47,65,30,69,1
668,31,15,24,29,11,37,0
669,64,24,35,41,62,72,1
670,55,51,49,58,59,72,1
671,58,57,42,52,28,69,0
672,24,14,16,27,11,32,0
673,67,45,60,63,44,52,0
674,68,72,71,75,79,75,0
675,63,60,76,75,78,75,0
676,46,24,36,44,17,49,0
677,80,39,56,58,78,73,1
678,78,67,71,75,72,78,0
679,72,77,74,76,40,68,0
680,67,74,72,77,40,61,0
681,48,20,25,40,15,50,0
682,61,50,72,70,75,73,0
683,70,37,56,54,75,75,1
684,80,73,65,76,34,70,1
685,81,69,66,72,43,66,0
686,69,71,71,78,53,63,1
687,48,72,53,67,31,72,0
688,64,37,57,65,69,81,1
689,93,58,61,73,25,49,1
690,34,27,43,48,70,78,1
691,79,63,63,69,52,66,0
692,72,67,65,73,39,58,0
693,57,67,56,56,43,80,1
694,66,46,58,59,67,73,0
695,71,63,59,69,32,58,0
696,68,50,56,62,56,71,0
697,74,58,42,56,25,70,0
698,60,44,58,65,55,59,0
699,59,46,56,58,52,65,0
700,32,13,20,25,11,40,0
701,33,14,21,25,12,44,1
702,78,83,71,83,36,76,1
703,93,73,75,87,42,59,1
704,41,19,25,39,12,47,1
705,78,73,80,86,51,60,1
706,67,37,59,61,83,85,1
707,63,76,76,73,79,85,1
708,69,76,81,82,71,72,1
709,70,54,65,70,83,79,1
710,94,54,73,83,72,70,1
711,78,77,70,78,40,73,1
712,46,71,79,77,76,71,0
713,86,75,72,81,39,72,1
714,66,73,76,78,74,72,0
715,83,39,64,71,78,74,0
716,81,68,74,82,48,59,0
717,78,75,72,77,31,79,0
718,67,72,77,81,50,68,0
719,56,19,28,38,17,45,0
720,85,53,66,71,72,75,0
721,85,68,71,81,36,63,0
722,74,32,60,66,75,78,0
723,86,72,67,80,40,54,1
724,74,60,72,76,69,63,1
725,67,60,64,66,74,76,1
726,38,18,21,37,15,50,0
727,67,45,63,65,60,45,1
728,69,54,62,69,47,54,0
729,60,42,56,59,59,58,0
730,31,16,19,30,12,38,0
731,53,26,47,55,68,77,1
732,84,65,60,67,40,66,1
733,83,64,58,71,29,56,1
734,79,66,60,71,20,58,0
735,73,55,65,61,59,72,0
736,81,64,59,69,29,64,0
737,70,37,42,55,64,79,0
738,72,64,49,61,25,74,0
739,62,33,51,53,64,74,0
740,58,50,59,59,63,73,0
741,79,49,57,60,57,68,0
742,77,59,62,66,57,74,0
743,79,42,53,59,58,63,0
744,60,48,63,56,61,72,0
745,67,67,66,67,36,54,0
746,80,47,55,68,54,59,1
747,70,22,39,50,64,65,1
748,73,57,64,69,51,64,1
749,42,13,14,32,9,48,1
750,85,38,50,57,57,62,1
751,67,60,47,63,23,51,0
752,69,37,45,52,60,60,0
753,67,46,54,62,30,51,0
754,67,50,52,60,37,55,0
755,71,51,55,58,43,56,0
756,70,47,53,57,31,41,0
757,70,75,76,78,51,64,0
758,58,78,55,67,38,79,0
759,37,19,20,39,13,48,0
760,73,61,77,72,69,75,0
761,69,57,65,67,74,71,0
762,71,70,71,75,72,78,0
763,75,67,70,77,62,71,1
764,52,41,51,63,74,70,1
765,85,69,71,71,57,67,0
766,70,72,53,61,35,85,1
767,57,61,71,73,62,75,0
768,79,73,66,73,45,73,1
769,71,66,64,70,67,72,0
770,60,34,62,64,72,72,0
771,53,57,63,60,72,70,0
772,69,62,69,73,50,60,0
773,42,15,22,37,14,52,0
774,68,67,64,69,27,68,0
775,61,49,63,62,65,71,0
776,75,57,63,73,60,60,1
777,51,30,48,46,66,72,0
778,71,51,64,66,59,66,0
779,31,18,22,30,14,47,0
780,73,33,51,53,63,65,1
781,39,18,21,32,14,47,1
782,68,56,57,63,43,57,0
783,61,23,44,42,60,63,1
784,81,56,51,60,78,81,1
785,67,64,70,78,78,75,1
786,79,53,77,78,72,70,0
787,68,75,66,75,38,75,0
788,43,19,23,40,14,46,0
789,87,71,61,80,52,65,0
790,64,46,59,65,75,79,0
791,87,70,58,77,38,69,0
792,83,68,69,75,54,59,1
793,51,36,60,63,76,70,1
794,84,54,65,65,73,71,1
795,53,70,50,62,33,80,1
796,84,46,61,67,66,77,1
797,79,59,62,75,42,61,0
798,81,68,56,68,27,65,0
799,52,59,65,66,71,68,1
800,74,49,67,73,65,70,0
801,38,18,16,38,11,42,0
802,65,60,66,71,52,44,0
803,69,49,63,70,56,61,1
804,58,64,51,59,22,58,0
805,67,52,58,65,33,55,0
806,25,13,17,26,11,39,1
807,55,31,41,48,62,61,0
808,76,59,59,67,45,63,0
809,56,44,52,59,60,56,0
810,76,57,37,56,19,62,0
811,36,21,17,35,12,36,0
812,75,50,63,67,76,75,1
813,61,76,62,70,36,74,0
814,66,69,72,82,58,60,0
815,70,76,67,69,34,69,0
816,65,32,53,55,78,74,0
817,67,42,59,67,75,75,1
818,71,62,71,77,68,67,1
819,48,33,53,59,74,73,1
820,67,60,66,65,72,78,1
821,79,64,68,78,48,60,1
822,71,65,69,71,71,81,1
823,84,47,61,75,62,59,1
824,57,55,62,65,70,71,1
825,54,42,56,59,70,73,1
826,80,67,59,73,52,52,0
827,71,60,66,69,65,74,0
828,63,48,63,65,66,62,0
829,41,21,19,36,16,50,0
830,58,67,71,70,44,62,1
831,70,41,54,66,64,64,0
832,88,64,62,66,37,71,1
833,84,65,58,64,28,53,1
834,28,16,25,27,9,37,1
835,55,45,58,56,59,62,0
836,66,33,48,55,61,59,0
837,26,13,19,26,11,38,1
838,19,13,18,27,10,34,0
839,83,83,72,85,48,84,1
840,80,85,75,77,38,82,1
841,79,76,83,84,77,81,1
842,69,74,81,81,81,78,1
843,78,41,57,69,88,86,1
844,68,41,65,69,87,79,1
845,63,84,71,77,45,75,1
846,44,20,28,39,16,51,1
847,67,80,85,86,68,64,1
848,73,35,69,71,86,82,1
849,61,24,37,52,15,56,1
850,82,75,74,79,77,80,1
851,83,63,70,73,78,89,1
852,62,50,64,64,85,78,0
853,82,79,78,83,56,72,1
854,84,75,76,84,39,69,1
855,71,59,70,76,81,69,0
856,76,65,76,75,74,69,0
857,68,56,67,71,79,75,0
858,53,63,71,73,76,74,0
859,87,32,61,68,67,72,1
860,66,61,70,70,69,62,0
861,26,17,16,33,12,32,1
862,85,57,65,72,64,69,1
863,49,21,26,44,15,55,1
864,67,80,85,85,62,80,1
865,84,78,82,82,68,80,1
866,80,85,66,78,28,79,1
867,54,59,69,71,85,78,1
868,79,79,84,87,48,67,1
869,91,81,76,86,48,73,1
870,78,50,56,65,84,79,1
871,90,75,78,87,76,72,1
872,63,72,79,78,79,79,1
873,76,65,73,78,76,78,0
874,75,73,76,79,76,79,1
875,72,67,73,74,81,79,0
876,64,71,82,78,76,78,0
877,82,74,76,80,78,83,1
878,61,82,69,74,39,69,0
879,56,22,24,39,16,45,0
880,85,76,57,77,40,75,0
881,55,40,55,63,78,71,0
882,67,46,70,75,76,69,0
883,68,35,48,53,76,75,1
884,42,17,21,35,15,49,1
885,73,62,74,77,61,60,1
886,77,70,57,76,25,65,1
887,72,53,71,74,61,62,0
888,82,63,63,76,39,53,0
889,83,59,64,73,32,56,0
890,76,63,67,76,29,43,0
891,51,24,40,50,20,56,1
892,93,72,76,81,78,83,1
893,91,77,73,86,27,74,1
894,86,40,60,66,86,81,1
895,81,73,81,79,79,82,1
896,58,85,76,77,34,72,1
897,77,68,80,86,77,76,1
898,62,54,64,60,84,78,0
899,42,83,72,73,42,78,0
900,86,80,74,81,48,80,0
901,79,57,70,74,79,73,1
902,76,77,79,79,74,61,0
903,84,73,73,81,49,60,0
904,78,69,76,82,30,50,1
905,80,50,68,69,79,75,1
906,75,76,76,81,57,73,1
907,81,67,76,81,64,68,0
908,67,73,76,77,72,72,0
909,86,59,74,81,69,66,1
910,79,75,67,75,27,73,0
911,76,77,72,76,74,79,1
912,44,20,26,39,16,53,0
913,61,48,65,71,75,83,0
914,66,70,76,75,66,69,0
915,43,21,25,45,12,45,1
916,63,65,70,77,63,75,1
917,85,51,67,71,67,72,1
918,73,47,60,65,71,73,1
919,52,33,47,56,74,71,1
920,67,66,54,66,34,63,0
921,56,34,39,39,62,61,0
922,30,22,28,46,15,51,0
923,46,78,77,77,58,75,0
924,61,40,47,56,74,78,1
925,51,22,18,41,14,43,0
926,88,68,65,72,45,72,1
927,68,41,67,67,70,77,1
928,86,64,64,72,33,58,1
929,48,70,52,67,26,67,0
930,55,31,44,51,69,78,0
931,77,65,70,76,55,58,1
932,65,65,71,70,62,66,0
933,79,70,68,72,35,64,0
934,64,61,57,64,65,77,0
935,74,45,61,61,62,68,0
936,71,51,53,56,65,74,0
937,90,37,56,60,59,71,1
938,82,60,49,61,32,73,1
939,61,33,59,64,63,57,0
940,70,46,59,62,63,77,0
941,71,35,54,58,58,77,0
942,77,42,49,60,59,60,0
943,59,30,36,36,64,64,0
944,62,44,55,59,51,57,0
945,79,76,75,81,47,69,0
946,75,70,76,80,31,61,0
947,60,68,77,78,69,72,0
948,79,57,67,74,72,74,0
949,66,64,71,66,76,74,0
950,78,69,74,76,69,66,0
951,74,73,70,76,32,63,0
952,67,67,74,75,75,73,1
953,64,63,71,75,72,69,1
954,88,71,69,74,30,58,1
955,69,51,69,71,70,71,1
956,74,55,70,71,71,70,1
957,78,68,69,77,31,60,1
958,83,60,66,73,70,74,1
959,74,38,54,63,76,76,1
960,43,29,41,34,15,49,1
961,28,20,20,33,15,46,1
962,65,32,53,63,72,69,0
963,65,67,55,68,21,62,0
964,59,44,55,58,69,68,0
965,31,15,20,24,10,33,1
966,57,63,62,67,33,34,1
967,68,58,60,66,51,62,0
968,69,62,55,68,30,54,1
969,65,48,58,58,52,64,0
970,93,82,79,86,33,71,3
971,90,79,75,83,30,66,1
972,59,21,21,41,13,49,0
973,87,79,58,74,24,81,0
974,76,74,77,79,68,74,1
975,63,40,53,58,79,71,0
976,57,25,47,51,77,74,0
977,67,73,74,76,71,67,0
978,49,33,56,49,78,71,0
979,62,42,66,68,73,73,1
980,73,71,66,75,38,67,1
981,87,63,66,74,67,71,1
982,66,65,68,69,70,75,1
983,44,18,20,32,11,38,0
984,53,64,72,70,62,68,0
985,88,57,63,69,66,76,1
986,66,66,71,72,72,70,1
987,58,64,70,71,70,73,0
988,64,73,53,68,35,71,1
989,70,35,56,64,71,71,0
990,61,63,63,74,30,54,0
991,91,45,49,71,55,74,1
992,72,45,52,60,56,64,0
993,49,20,25,36,15,41,0
994,86,71,71,74,63,75,1
995,31,75,68,72,36,66,1
996,63,70,75,73,42,59,1
997,51,34,45,55,73,73,0
998,74,75,66,71,31,68,1
999,55,26,48,52,71,75,0
1000,59,57,69,64,66,79,1
1001,69,66,73,72,57,59,1
1002,36,53,64,66,68,77,0
1003,77,56,63,71,64,68,0
1004,47,23,27,38,15,49,0
1005,55,73,70,69,40,82,1
1006,79,68,66,75,34,54,1
1007,63,35,49,54,69,73,0
1008,79,68,62,71,26,64,0
1009,82,65,62,71,35,60,0
1010,74,61,63,71,65,72,0
1011,49,52,63,63,65,80,1
1012,56,37,62,64,68,70,0
1013,67,54,64,72,44,40,0
1014,73,49,57,62,61,72,0
1015,47,15,22,42,14,54,1
1016,55,64,48,59,23,61,0
1017,70,49,54,64,60,54,0
1018,72,33,53,64,56,47,0
1019,61,49,57,60,48,66,0
1020,55,28,45,41,59,61,0
1021,51,61,43,55,20,42,0
1022,21,14,19,29,10,40,0
1023,66,64,69,69,50,56,0
1024,85,65,54,69,26,65,1
1025,64,36,50,50,64,77,0
1026,56,19,17,44,15,59,0
1027,54,18,21,34,15,45,0
1028,66,50,65,66,57,64,0
1029,71,45,61,65,59,66,1
1030,78,59,59,62,58,71,1
1031,63,31,53,47,62,76,1
1032,70,58,64,66,58,58,1
1033,68,55,63,60,59,61,0
1034,72,39,52,59,59,63,0
1035,66,48,57,56,61,71,1
1036,68,58,60,63,40,65,0
1037,72,62,55,66,25,50,0
1038,51,20,20,39,17,41,0
1039,48,38,53,59,61,66,0
1040,60,64,58,63,58,60,0
1041,52,42,57,60,52,50,0
1042,91,72,65,75,31,77,1
1043,49,46,60,61,72,81,1
1044,70,50,66,69,66,68,0
1045,76,70,62,73,28,58,0
1046,75,44,50,46,69,84,1
1047,69,53,61,66,66,69,0
1048,86,68,42,66,26,83,1
1049,68,47,67,67,65,62,0
1050,21,15,18,31,11,40,0
1051,24,15,20,31,11,40,0
1052,80,55,62,71,30,59,0
1053,62,30,36,42,67,65,1
1054,70,59,65,68,29,39,1
1055,27,15,21,35,10,40,0
1056,42,47,69,71,75,70,1
1057,65,75,64,70,27,69,1
1058,64,65,67,69,64,70,0
1059,76,61,65,68,57,68,0
1060,50,67,57,69,31,71,0
1061,46,21,20,41,14,39,0
1062,78,35,61,66,61,70,0
1063,66,59,67,68,62,62,0
1064,59,39,55,57,66,68,0
1065,84,63,64,67,57,59,1
1066,73,63,64,69,48,67,0
1067,44,44,52,54,64,77,0
1068,57,28,41,50,65,75,0
1069,67,54,62,67,59,71,0
1070,75,45,60,65,61,66,0
1071,72,58,60,63,60,66,1
1072,53,32,53,57,63,69,0
1073,53,32,48,49,60,69,0
1074,39,13,15,28,11,35,0
1075,68,54,56,60,43,51,0
1076,73,74,75,80,73,85,1
1077,73,33,60,69,76,76,1
1078,70,73,76,80,40,59,0
1079,92,70,72,74,65,72,0
1080,88,67,65,78,52,61,0
1081,74,72,69,71,43,80,0
1082,79,32,50,57,73,78,0
1083,93,73,64,74,26,76,1
1084,67,74,57,70,31,76,0
1085,41,19,22,39,16,50,0
1086,73,29,61,69,75,78,0
1087,80,71,72,79,69,69,1
1088,76,52,62,71,70,78,1
1089,54,19,28,39,14,47,1
1090,74,73,67,76,29,58,1
1091,72,65,66,80,33,43,1
1092,59,66,69,71,70,81,1
1093,52,23,29,48,19,47,1
1094,84,55,64,71,65,70,1
1095,50,47,60,65,69,62,0
1096,36,40,53,49,69,82,1
1097,74,47,57,72,63,65,1
1098,64,43,58,61,60,71,0
1099,61,36,44,46,60,58,0
1100,20,13,16,29,12,39,0
1101,31,46,62,62,82,80,0
1102,65,64,73,75,78,84,0
1103,82,64,74,80,74,74,1
1104,83,79,71,77,33,71,1
1105,84,71,72,78,39,67,0
1106,70,76,60,73,26,62,0
1107,51,67,76,75,69,74,0
1108,58,67,76,75,71,73,0
1109,81,42,60,63,76,77,1
1110,81,55,65,74,65,65,1
1111,71,70,74,78,39,52,1
1112,86,64,67,73,67,70,1
1113,79,67,68,78,25,60,1
1114,86,71,67,75,45,61,1
1115,77,70,70,77,40,52,1
1116,41,22,25,38,15,45,0
1117,83,66,69,79,44,63,1
1118,77,60,63,74,26,44,0
1119,65,38,55,56,69,72,0
1120,40,14,20,30,11,44,0
1121,90,57,58,71,27,40,1
1122,63,30,48,51,65,73,0
1123,41,16,21,32,10,38,0
1124,63,21,26,49,16,59,1
1125,80,56,72,75,80,80,1
1126,69,78,77,79,77,77,1
1127,70,81,76,83,44,74,0
1128,72,79,64,74,30,79,0
1129,47,49,73,66,80,74,0
1130,71,70,78,83,64,68,0
1131,73,58,73,81,75,68,0
1132,75,74,76,80,62,67,0
1133,83,78,72,76,25,68,1
1134,82,72,72,79,41,56,0
1135,68,67,74,75,73,74,0
1136,73,43,67,70,77,74,0
1137,86,49,68,70,67,71,0
1138,36,37,57,52,75,73,1
1139,71,70,72,79,54,64,1
1140,65,46,62,61,72,75,0
1141,70,67,68,82,21,59,1
1142,77,45,63,71,70,65,1
1143,37,20,35,29,12,39,0
1144,65,43,64,67,65,68,0
1145,49,21,26,38,15,49,0
1146,75,60,64,73,51,54,0
1147,78,41,58,63,62,61,0
1148,66,52,66,68,49,57,1
1149,73,62,59,64,30,49,1
1150,72,60,55,67,24,52,0
1151,19,14,18,26,9,40,0
1152,81,51,68,70,70,78,0
1153,35,45,58,49,72,84,1
1154,83,74,54,72,20,64,1
1155,65,37,50,58,73,76,0
1156,46,22,20,41,15,47,1
1157,77,73,68,71,25,61,1
1158,71,42,62,69,69,72,1
1159,59,54,64,68,67,79,1
1160,84,50,60,65,63,73,1
1161,79,71,64,73,36,67,1
1162,43,17,18,35,12,46,0
1163,72,43,62,65,64,62,0
1164,76,64,64,72,34,45,0
1165,69,61,68,71,49,61,0
1166,64,66,69,71,34,60,0
1167,61,48,58,65,67,75,0
1168,75,35,50,63,63,66,0
1169,82,57,59,69,18,42,0
1170,87,64,56,68,24,62,1
1171,79,68,52,62,19,52,0
1172,74,60,46,61,20,56,0
1173,21,19,17,30,9,38,0
1174,54,32,33,36,59,53,0
1175,81,84,78,88,39,68,1
1176,70,85,79,80,46,84,1
1177,68,67,74,76,75,77,1
1178,77,72,78,82,60,66,1
1179,47,21,22,40,16,48,0
1180,75,57,77,78,73,62,0
1181,33,42,58,53,79,79,0
1182,84,75,70,74,51,82,0
1183,82,58,68,77,72,77,1
1184,50,28,51,55,77,82,0
1185,90,70,69,81,51,59,1
1186,61,47,67,60,78,76,0
1187,73,53,71,75,73,76,0
1188,78,62,74,75,69,69,0
1189,78,74,70,81,38,62,0
1190,88,74,62,76,28,66,1
1191,67,52,69,65,75,74,0
1192,74,69,73,75,68,73,0
1193,91,69,66,76,47,67,1
1194,73,58,70,75,65,69,1
1195,55,21,33,37,16,44,0
1196,85,59,60,73,65,68,0
1197,84,67,57,69,26,49,1
1198,62,57,64,68,45,38,0
1199,64,52,61,63,56,66,0
1200,68,81,87,86,72,71,3
1201,64,76,84,83,69,68,1
1202,51,24,31,43,22,51,0
1203,57,65,76,74,70,74,0
1204,88,76,69,77,28,68,0
1205,40,35,64,55,75,81,0
1206,69,78,75,76,42,69,0
1207,68,54,72,74,71,68,1
1208,75,41,62,69,75,71,1
1209,66,59,70,71,71,69,1
1210,82,73,64,76,31,65,1
1211,64,50,62,56,73,74,1
1212,59,38,51,61,74,76,1
1213,92,45,61,72,67,73,1
1214,53,23,24,41,19,50,1
1215,83,69,68,75,37,57,1
1216,65,73,70,72,39,65,1
1217,67,33,51,54,72,75,0
1218,78,64,70,74,67,74,1
1219,39,21,16,35,15,51,1
1220,58,55,67,68,58,66,0
1221,75,47,58,68,62,61,0
1222,82,61,54,68,30,56,0
1223,60,49,63,63,59,64,1
1224,65,37,42,60,60,54,0
1225,72,32,48,57,58,59,0
1226,37,15,17,31,11,44,0
1227,61,46,61,69,53,43,1
1228,65,51,60,70,40,40,0
1229,46,15,33,41,14,50,1
1230,73,76,77,82,58,64,0
1231,58,67,68,69,79,73,0
1232,70,61,72,75,74,86,0
1233,90,70,69,81,33,65,1
1234,59,54,73,74,70,70,0
1235,37,54,61,61,77,84,0
1236,70,74,57,69,38,79,1
1237,68,30,51,61,75,75,1
1238,81,73,59,73,34,67,1
1239,71,39,60,65,73,74,1
1240,74,52,69,73,69,65,1
1241,68,62,71,70,71,59,1
1242,84,62,68,74,40,59,0
1243,68,58,68,75,72,69,1
1244,81,66,68,70,53,56,0
1245,70,59,69,75,64,58,1
1246,74,70,55,68,25,68,0
1247,68,33,54,64,70,75,0
1248,42,14,15,26,10,34,1
1249,43,20,14,35,12,40,0
1250,70,61,50,60,20,58,0
1251,74,63,50,56,28,51,0
1252,71,59,60,66,32,32,0
1253,65,48,58,65,52,48,0
1254,80,53,54,65,22,30,0
1255,64,36,54,54,53,54,0
1256,45,23,32,48,15,48,1
1257,74,81,76,79,40,79,1
1258,82,81,72,75,37,82,1
1259,88,77,74,82,36,62,1
1260,64,64,71,75,76,79,0
1261,75,44,63,65,79,76,1
1262,71,72,75,83,54,54,0
1263,32,52,68,66,79,78,0
1264,74,69,74,77,75,77,0
1265,68,73,76,78,56,70,0
1266,74,65,71,79,72,72,0
1267,51,71,78,79,65,62,0
1268,79,48,66,73,71,66,0
1269,68,67,74,76,74,75,0
1270,88,67,71,79,68,68,0
1271,76,52,67,74,71,70,0
1272,45,58,70,70,73,74,1
1273,76,63,70,68,70,74,1
1274,26,16,22,31,12,42,1
1275,76,68,68,74,37,55,0
1276,71,35,48,48,73,70,0
1277,77,63,65,73,29,64,0
1278,63,55,69,74,60,63,0
1279,80,67,66,71,40,62,0
1280,53,34,53,58,69,73,0
1281,73,61,63,67,31,47,0
1282,48,15,18,37,10,45,0
1283,97,89,80,92,36,76,1
1284,81,89,90,94,34,64,1
1285,87,83,85,93,37,61,1
1286,79,56,75,74,89,80,1
1287,53,22,32,52,17,55,1
1288,52,22,28,49,17,52,1
1289,60,61,87,91,79,66,1
1290,92,75,79,80,75,78,1
1291,61,69,73,70,83,77,1
1292,80,43,68,69,83,86,1
1293,80,77,83,80,71,72,1
1294,61,79,80,83,74,72,1
1295,73,76,82,82,57,59,0
1296,89,57,73,78,74,73,1
1297,83,74,77,84,72,84,1
1298,56,63,70,71,79,85,0
1299,73,68,79,83,67,55,0
1300,78,49,68,72,81,80,1
1301,74,64,76,81,75,58,0
1302,74,75,60,76,25,69,0
1303,47,22,28,38,13,44,0
1304,87,49,63,71,64,64,1
1305,38,19,19,30,14,46,0
1306,68,55,60,72,40,38,1
1307,39,36,54,50,60,74,0
1308,88,63,77,81,80,83,3
1309,76,77,83,81,66,76,0
1310,85,81,75,78,36,70,0
1311,69,73,81,83,60,67,0
1312,83,57,72,76,75,78,1
1313,78,81,76,80,45,69,1
1314,48,18,32,42,15,49,0
1315,70,71,76,79,67,67,0
1316,42,22,29,45,14,48,0
1317,82,55,71,75,70,68,0
1318,49,65,72,74,73,74,0
1319,81,75,59,77,29,66,0
1320,72,40,51,53,75,79,0
1321,93,69,66,80,28,62,0
1322,91,65,66,80,25,64,0
1323,73,55,70,73,72,68,0
1324,65,34,58,61,77,73,0
1325,38,15,19,35,10,43,1
1326,58,29,49,57,74,72,1
1327,31,19,25,38,18,49,0
1328,75,42,60,69,64,61,0
1329,78,70,55,72,23,50,0
1330,70,45,55,60,66,74,0
1331,68,55,66,70,63,71,0
1332,65,39,55,58,60,64,0
1333,35,12,17,32,9,43,0
1334,73,79,61,70,43,84,0
1335,36,24,28,40,14,48,0
1336,71,76,59,72,23,73,0
1337,69,72,77,77,65,70,0
1338,69,42,66,69,76,81,0
1339,78,77,73,75,41,66,0
1340,47,33,51,56,76,82,0
1341,55,60,74,75,72,72,0
1342,62,60,71,70,72,84,0
1343,53,70,79,73,72,71,0
1344,78,62,72,76,70,71,0
1345,64,60,68,69,73,77,0
1346,51,35,55,59,76,71,1
1347,77,56,69,74,70,60,1
1348,73,48,61,69,71,71,1
1349,83,50,69,72,67,72,1
1350,42,22,23,43,13,43,0
1351,60,39,68,65,73,68,1
1352,66,71,60,69,27,65,0
1353,78,47,62,63,63,68,0
1354,64,28,41,48,65,61,1
1355,82,62,48,64,23,52,1
1356,55,40,54,60,54,54,0
1357,20,13,20,28,8,41,0
1358,63,70,53,69,30,74,0
1359,77,53,61,65,66,82,1
1360,41,23,22,34,16,47,1
1361,79,59,63,69,62,68,0
1362,53,22,46,52,66,79,0
1363,75,38,56,66,62,60,0
1364,64,58,60,62,63,72,0
1365,86,59,60,66,50,62,1
1366,74,62,60,67,28,66,0
1367,86,59,56,69,18,47,1
1368,49,20,26,37,16,52,0
1369,69,54,56,60,62,69,1
1370,70,26,54,58,60,65,1
1371,64,47,65,66,55,52,0
1372,86,40,48,61,55,64,1
1373,69,61,57,64,28,40,0
1374,82,56,50,62,23,42,0
1375,65,47,52,58,54,55,0
1376,59,48,54,56,53,65,1
1377,60,34,53,49,51,57,0
1378,67,43,50,54,35,41,0
1379,78,73,75,78,70,75,1
1380,62,72,78,74,69,75,0
1381,86,71,72,79,37,61,0
1382,55,24,28,40,15,54,0
1383,87,75,68,73,47,66,1
1384,86,64,73,74,70,68,0
1385,68,72,77,74,63,65,0
1386,74,26,55,63,74,81,1
1387,70,73,50,66,28,77,1
1388,83,72,67,73,41,59,1
1389,78,68,68,75,52,59,0
1390,73,31,53,68,73,76,1
1391,70,66,70,72,64,67,1
1392,91,73,61,70,45,69,1
1393,72,49,70,71,68,70,1
1394,67,65,71,70,58,67,0
1395,76,58,66,67,67,78,1
1396,90,65,67,74,58,69,1
1397,36,21,21,32,16,52,0
1398,68,28,54,62,69,73,0
1399,53,20,35,47,15,50,0
1400,61,29,47,47,67,76,0
1401,55,61,64,68,67,66,0
1402,68,61,64,65,63,69,0
1403,71,54,59,65,56,60,0
1404,35,21,24,43,18,47,1
1405,85,62,71,74,38,41,0
1406,63,51,69,69,71,73,1
1407,63,51,56,61,71,74,0
1408,68,71,60,69,33,76,0
1409,70,55,65,71,68,74,0
1410,53,52,64,71,71,69,1
1411,67,65,70,70,57,67,1
1412,71,45,65,67,63,65,0
1413,65,54,67,67,69,76,0
1414,78,53,61,70,60,74,0
1415,67,45,62,65,64,73,0
1416,70,69,58,66,28,72,0
1417,83,63,61,68,46,55,0
1418,66,24,45,44,68,74,0
1419,91,62,59,68,45,58,1
1420,75,31,52,61,66,68,1
1421,67,60,61,64,62,72,0
1422,82,61,60,69,36,56,0
1423,70,65,54,64,37,77,0
1424,83,62,59,63,30,58,0
1425,44,22,22,40,17,45,0
1426,66,27,44,47,59,66,0
1427,65,56,61,61,38,44,0
1428,26,14,21,21,10,32,0
1429,68,46,55,61,39,50,0
1430,71,47,56,59,52,56,0
1431,92,70,61,73,46,66,1
1432,65,42,61,59,67,79,1
1433,67,71,63,67,37,71,0
1434,49,19,30,35,15,50,0
1435,72,58,64,67,60,72,0
1436,54,56,69,67,63,73,0
1437,64,68,68,71,44,56,1
1438,57,36,57,56,67,75,0
1439,30,14,20,29,11,32,0
1440,71,58,65,66,63,67,0
1441,78,65,54,68,31,61,0
1442,75,47,62,65,60,71,0
1443,91,61,58,68,32,53,1
1444,57,26,40,46,63,81,1
1445,84,60,59,64,25,57,0
1446,73,42,58,63,62,72,0
1447,65,61,67,66,55,53,0
1448,72,65,65,65,58,74,0
1449,85,60,61,64,57,63,1
1450,58,51,58,59,61,72,1
1451,71,43,53,58,59,74,1
1452,71,58,61,63,60,67,0
1453,23,15,23,33,11,44,0
1454,59,63,44,58,23,58,1
1455,79,58,49,60,30,64,0
1456,90,60,63,68,40,45,1
1457,42,68,59,63,31,74,0
1458,27,15,26,38,10,41,0
1459,64,64,61,62,63,71,0
1460,55,64,55,60,36,78,0
1461,37,38,44,46,63,79,1
1462,50,55,61,63,63,76,1
1463,39,34,49,55,65,74,1
1464,79,57,58,67,50,64,1
1465,71,28,53,61,57,62,1
1466,69,61,46,62,21,57,0
1467,66,59,65,64,57,62,1
1468,36,44,50,54,61,76,1
1469,68,41,54,59,60,59,0
1470,70,58,62,64,51,52,1
1471,64,58,64,65,50,61,1
1472,42,17,22,34,15,49,1
1473,71,26,45,52,61,76,0
1474,46,36,52,52,62,65,0
1475,80,55,53,65,28,43,0
1476,66,59,58,64,50,68,1
1477,89,55,51,64,28,48,0
1478,50,19,22,44,14,49,0
1479,53,60,59,56,56,67,0
1480,60,59,54,57,47,69,0
1481,47,31,44,41,56,75,0
1482,68,36,50,51,58,68,0
1483,69,53,56,59,52,58,0
1484,67,48,53,66,52,57,1
1485,38,23,24,38,16,37,1
1486,55,69,58,63,26,74,0
1487,80,62,64,65,52,59,0
1488,78,62,66,70,39,52,0
1489,74,33,47,51,65,81,1
1490,53,31,38,49,65,75,0
1491,65,58,67,65,58,71,0
1492,69,53,58,61,65,73,0
1493,68,58,59,64,60,72,0
1494,80,65,60,63,27,70,0
1495,68,46,57,59,60,70,0
1496,72,39,62,59,59,63,0
1497,67,35,51,53,61,67,1
1498,54,30,50,57,63,73,1
1499,73,59,61,66,57,56,1
1500,67,59,63,64,56,64,1
1501,45,64,51,63,38,62,0
1502,70,54,62,61,62,74,1
1503,76,58,56,63,38,63,0
1504,74,55,56,60,54,62,1
1505,65,48,60,61,52,56,0
1506,74,27,45,52,54,58,0
1507,65,49,40,52,24,41,0
1508,83,73,77,75,72,80,1
1509,77,75,68,72,43,81,0
1510,91,72,71,78,45,63,1
1511,69,50,62,65,74,82,0
1512,76,60,71,76,72,76,1
1513,63,70,73,71,72,77,0
1514,62,67,72,72,73,78,1
1515,37,22,29,47,15,53,1
1516,76,71,74,75,36,64,1
1517,66,39,59,63,74,73,1
1518,92,70,65,74,38,53,1
1519,79,75,67,72,50,58,1
1520,85,50,64,73,67,60,1
1521,36,63,75,74,72,64,1
1522,70,61,73,70,70,74,1
1523,41,32,46,54,75,77,1
1524,74,74,69,72,42,70,1
1525,71,73,55,67,34,76,1
1526,66,44,58,62,71,74,0
1527,90,71,60,72,31,66,1
1528,53,68,71,72,66,69,0
1529,85,64,65,71,29,50,0
1530,51,24,28,44,17,49,1
1531,49,50,59,64,69,72,0
1532,67,65,50,64,19,56,1
1533,58,27,36,40,55,66,0
1534,88,75,60,76,38,68,3
1535,59,45,63,67,70,73,1
1536,46,72,65,67,37,77,0
1537,72,34,63,67,69,73,0
1538,70,69,70,72,65,76,1
1539,40,20,21,29,13,49,0
1540,47,23,26,46,14,43,0
1541,80,65,67,71,36,51,0
1542,78,40,49,59,69,80,1
1543,80,64,68,69,45,62,0
1544,52,24,41,44,71,73,0
1545,80,65,52,68,30,60,0
1546,92,60,60,70,39,55,1
1547,53,33,44,53,68,74,0
1548,52,67,69,65,67,74,0
1549,53,55,60,64,69,69,0
1550,75,40,51,58,67,72,1
1551,52,66,57,62,40,77,0
1552,90,60,55,67,35,62,1
1553,70,52,64,67,52,59,1
1554,74,52,59,62,57,67,1
1555,64,27,35,42,62,66,0
1556,79,43,51,59,51,58,1
1557,28,15,19,27,10,33,0
1558,61,25,40,45,56,65,0
1559,80,48,41,51,18,48,0
1560,66,39,50,51,45,66,0
1561,55,54,64,62,65,76,0
1562,54,67,62,64,52,71,0
1563,64,62,66,69,63,67,0
1564,66,57,63,64,61,78,0
1565,69,62,64,67,55,63,0
1566,74,40,58,64,62,59,0
1567,55,65,45,59,34,81,1
1568,91,57,55,69,53,68,1
1569,37,33,42,40,64,75,1
1570,71,62,63,62,63,71,0
1571,78,61,62,66,29,60,0
1572,50,23,30,41,18,46,0
1573,73,62,62,70,51,47,0
1574,41,22,29,36,14,45,0
1575,90,56,60,66,54,66,1
1576,53,29,41,46,63,76,1
1577,71,57,65,64,55,59,1
1578,61,41,49,55,61,80,1
1579,74,40,58,63,57,69,0
1580,73,61,57,64,24,46,0
1581,70,52,38,54,25,71,1
1582,20,14,21,26,12,36,0
1583,70,51,37,50,20,48,0
1584,75,47,42,56,24,40,0
1585,55,68,73,69,65,73,1
1586,43,36,46,52,73,66,0
1587,68,55,68,68,66,62,0
1588,58,71,66,71,33,66,0
1589,68,63,66,70,64,70,0
1590,66,55,66,69,67,73,0
1591,60,67,55,65,41,80,1
1592,52,34,56,59,68,71,0
1593,93,62,59,68,51,66,1
1594,54,59,63,63,67,67,0
1595,88,63,60,69,51,64,1
1596,64,63,62,68,54,63,0
1597,33,34,46,44,67,63,0
1598,33,15,23,32,11,41,1
1599,60,33,48,50,66,63,1
1600,64,46,62,66,62,51,1
1601,42,22,24,40,18,49,1
1602,58,22,21,41,17,51,1
1603,79,59,48,61,20,43,0
1604,66,44,53,54,57,64,0
1605,73,55,45,60,16,49,0
1606,69,31,34,50,49,54,0
1607,79,61,60,63,37,54,1
1608,80,54,57,63,53,56,0
1609,68,51,58,62,59,66,0
1610,48,37,36,42,61,75,0
1611,70,48,54,61,57,67,0
1612,73,60,59,63,34,61,0
1613,69,54,60,62,50,61,0
1614,68,43,50,53,59,69,0
1615,66,60,47,63,26,53,0
1616,88,53,52,63,28,58,1
1617,47,21,27,38,20,48,0
1618,46,27,41,43,59,71,0
1619,70,49,54,59,56,68,0
1620,70,56,56,62,36,57,0
1621,63,27,39,45,57,68,0
1622,69,38,53,57,55,56,0
1623,81,46,50,55,54,65,0
1624,50,60,50,57,31,74,0
1625,73,57,46,59,24,63,0
1626,62,45,52,57,56,70,0
1627,73,55,40,56,27,70,0
1628,70,58,46,59,23,51,0
1629,66,47,53,58,36,48,0
1630,66,39,46,51,49,64,0
1631,26,13,17,23,10,26,0
1632,71,42,49,54,46,46,0
1633,58,29,37,41,49,61,0
1634,79,49,37,49,23,50,0
1635,71,43,51,53,33,43,0
1636,65,40,48,46,45,52,0
1637,92,63,60,69,58,65,1
1638,62,32,48,48,67,78,0
1639,67,34,55,57,66,78,0
1640,83,61,62,68,63,73,1
1641,60,44,58,60,65,73,0
1642,35,21,28,33,11,37,0
1643,46,31,58,58,67,68,0
1644,84,63,61,68,28,53,0
1645,80,65,59,71,35,54,0
1646,81,65,46,66,25,73,0
1647,51,59,62,68,64,80,0
1648,49,61,66,64,62,76,0
1649,82,36,51,59,65,76,1
1650,46,37,47,47,65,78,0
1651,81,57,59,70,37,54,0
1652,72,61,62,70,40,49,0
1653,78,33,54,61,59,60,0
1654,91,61,50,63,31,58,1
1655,57,20,32,44,22,42,1
1656,83,54,56,63,60,63,1
1657,74,46,52,59,58,67,0
1658,60,60,50,61,30,65,0
1659,77,60,50,62,21,58,0
1660,23,13,19,33,10,35,0
1661,64,40,50,54,50,57,0
1662,84,84,70,79,52,72,1
1663,56,80,86,81,70,73,1
1664,66,62,68,73,85,83,1
1665,79,67,79,81,80,73,1
1666,73,78,84,85,54,62,1
1667,86,77,75,81,45,64,0
1668,50,32,60,58,82,76,0
1669,71,46,60,65,78,79,0
1670,66,72,78,79,63,66,0
1671,76,58,71,75,75,73,0
1672,59,38,55,58,78,77,0
1673,73,79,70,77,38,70,0
1674,90,78,60,75,24,70,1
1675,63,55,65,69,76,76,0
1676,81,50,69,72,73,70,0
1677,76,70,73,80,58,63,0
1678,68,56,73,74,70,80,0
1679,65,68,76,76,61,65,0
1680,45,19,25,40,15,45,0
1681,75,42,66,71,71,71,0
1682,32,48,61,49,75,77,0
1683,60,54,69,75,73,66,1
1684,68,53,71,72,72,70,1
1685,66,64,74,75,65,71,1
1686,45,23,32,37,16,48,1
1687,68,51,62,64,50,50,0
1688,64,54,59,66,40,42,0
1689,71,74,71,72,56,78,1
1690,79,74,65,69,38,80,1
1691,52,32,48,52,73,78,1
1692,72,63,63,70,65,71,0
1693,79,46,66,73,64,68,1
1694,47,29,50,53,72,78,0
1695,58,29,55,60,72,79,0
1696,72,65,71,70,65,74,0
1697,41,19,31,39,13,50,0
1698,63,66,69,69,68,74,0
1699,79,65,65,67,67,78,1
1700,71,69,59,66,29,75,0
1701,80,63,63,69,42,75,1
1702,62,61,64,62,68,69,0
1703,69,62,64,71,64,67,0
1704,78,68,51,68,30,68,0
1705,78,41,59,67,63,66,0
1706,52,27,49,51,66,74,0
1707,67,54,63,68,65,72,0
1708,31,21,24,36,14,44,0
1709,80,64,55,66,38,65,0
1710,45,21,29,42,24,39,0
1711,91,58,47,64,19,57,1
1712,79,67,75,76,80,82,91
1713,75,69,57,63,30,76,0
1714,69,67,71,73,46,45,0
1715,52,30,49,50,71,73,0
1716,76,63,65,75,27,40,0
1717,31,23,42,39,69,82,1
1718,81,63,61,74,25,48,0
1719,77,62,62,72,25,54,0
1720,52,38,51,52,67,75,0
1721,74,68,52,65,25,73,0
1722,75,58,62,64,62,79,1
1723,81,60,61,66,60,73,0
1724,62,53,65,71,57,49,0
1725,71,59,60,64,61,75,0
1726,50,55,59,59,64,66,0
1727,73,60,63,65,54,54,0
1728,57,21,27,43,19,48,1
1729,77,54,61,67,63,68,1
1730,72,39,52,61,60,61,1
1731,77,59,55,65,21,54,0
1732,67,56,61,67,53,65,0
1733,25,13,31,30,9,38,0
1734,70,35,41,47,61,69,0
1735,65,59,48,58,26,53,0
1736,66,37,45,53,52,67,0
1737,32,12,16,31,11,35,0
1738,64,39,52,52,47,54,0
1739,59,70,70,70,73,81,0
1740,64,74,75,78,58,58,0
1741,77,72,74,75,45,67,0
1742,86,73,62,72,33,65,1
1743,74,36,60,69,69,72,1
1744,76,48,47,62,70,79,1
1745,68,71,47,62,21,80,1
1746,61,33,54,55,72,73,0
1747,53,29,49,49,71,81,1
1748,69,46,64,67,68,69,0
1749,55,61,66,67,69,76,0
1750,73,66,68,71,62,69,1
1751,83,60,64,73,27,57,0
1752,74,69,68,71,43,68,0
1753,62,68,48,64,26,68,0
1754,53,18,26,43,15,36,0
1755,64,51,63,67,61,63,0
1756,75,56,62,66,62,59,0
1757,31,21,22,33,11,38,0
1758,60,51,57,60,66,70,0
1759,91,60,55,65,31,71,1
1760,79,54,57,66,45,70,0
1761,68,49,51,59,26,45,0
1762,53,23,35,33,53,59,0
1763,37,13,21,27,10,33,0
1764,58,74,86,77,76,73,1
1765,73,81,76,80,47,82,0
1766,86,83,74,83,38,70,1
1767,52,22,31,43,16,53,1
1768,47,71,84,79,71,66,0
1769,83,57,69,80,75,74,1
1770,74,54,71,76,78,69,0
1771,82,71,73,82,74,76,1
1772,96,65,68,86,38,83,1
1773,63,75,68,73,46,70,0
1774,83,64,73,85,33,50,0
1775,85,74,69,81,31,58,0
1776,61,42,63,63,78,78,0
1777,81,75,70,78,28,70,0
1778,77,44,70,76,73,62,0
1779,71,30,54,61,76,76,0
1780,76,47,60,61,69,72,1
1781,86,62,61,72,34,58,1
1782,36,20,20,32,13,33,0
1783,72,65,69,70,54,47,0
1784,59,66,64,67,33,67,0
1785,74,22,39,45,63,68,1
1786,56,48,61,67,62,68,1
1787,73,37,52,59,54,53,0
1788,75,43,55,62,51,60,0
1789,71,56,57,65,41,52,0
1790,75,50,50,52,49,48,0
1791,77,42,49,55,48,48,0
1792,67,59,60,61,61,71,1
1793,77,63,50,64,31,67,1
1794,65,28,50,54,62,70,0
1795,44,14,19,31,12,37,1
1796,76,37,53,60,56,63,0
1797,74,52,55,57,57,63,0
1798,51,29,47,49,61,75,0
1799,80,56,59,64,47,59,0
1800,69,61,43,58,19,69,0
1801,72,58,60,68,55,54,1
1802,59,27,40,46,61,68,0
1803,81,58,47,62,33,71,0
1804,73,57,59,65,52,44,0
1805,35,19,26,34,14,41,0
1806,75,49,56,63,35,49,0
1807,54,51,64,62,57,56,1
1808,77,57,48,60,31,67,0
1809,62,40,53,54,53,68,0
1810,67,47,54,59,47,58,0
1811,71,63,66,68,59,77,0
1812,41,23,32,37,15,41,0
1813,64,59,63,62,62,66,0
1814,61,37,59,60,65,72,0
1815,73,61,64,66,59,75,0
1816,61,66,67,66,60,64,0
1817,82,64,52,66,39,78,1
1818,43,34,52,57,65,77,0
1819,55,36,42,49,65,77,0
1820,65,33,54,52,66,73,0
1821,77,34,57,63,58,71,0
1822,73,64,62,66,37,69,0
1823,78,53,58,61,63,69,1
1824,70,51,63,65,58,65,0
1825,66,62,47,59,31,79,1
1826,74,59,48,59,22,58,0
1827,75,60,52,61,27,67,1
1828,34,20,25,33,17,32,0
1829,68,58,45,58,27,63,0
1830,75,54,44,61,36,57,0
1831,74,54,47,57,34,57,0
1832,22,13,17,30,10,41,0
1833,63,26,35,44,50,65,0
1834,56,57,62,63,61,65,0
1835,49,64,64,67,37,60,1
1836,45,59,64,61,62,61,1
1837,34,33,41,38,63,80,1
1838,85,57,58,66,27,41,1
1839,82,60,57,65,34,57,1
1840,71,62,62,65,61,63,1
1841,72,60,61,63,41,56,0
1842,81,46,53,62,56,70,1
1843,80,34,46,51,62,76,0
1844,54,52,56,64,57,56,0
1845,82,60,51,61,37,75,1
1846,49,20,26,43,14,48,0
1847,69,62,46,55,25,63,0
1848,61,62,55,62,38,59,0
1849,73,32,42,51,61,66,1
1850,40,24,27,33,20,40,0
1851,66,58,43,54,19,67,1
1852,75,47,52,60,52,56,0
1853,51,33,37,41,60,62,0
1854,54,26,43,47,57,65,0
1855,64,38,50,56,52,57,0
1856,67,54,47,59,21,47,0
1857,23,12,17,30,10,36,0
1858,26,24,23,33,14,44,1
1859,81,61,63,67,45,67,0
1860,82,64,61,68,33,53,1
1861,85,50,57,63,54,65,1
1862,60,58,59,63,64,80,1
1863,53,64,48,56,31,78,1
1864,69,44,54,59,62,74,1
1865,71,56,61,65,58,66,1
1866,77,44,54,61,57,58,0
1867,71,28,49,53,61,70,1
1868,87,50,55,60,55,67,1
1869,73,63,53,63,26,55,0
1870,64,56,61,65,58,70,0
1871,67,29,41,53,62,72,0
1872,90,59,51,60,27,69,1
1873,68,30,41,50,60,69,0
1874,49,41,53,54,58,69,0
1875,65,54,60,63,52,59,0
1876,69,51,56,61,52,56,0
1877,71,47,55,61,37,41,0
1878,51,19,18,40,17,43,0
1879,75,53,36,56,22,46,0
1880,33,14,17,32,10,35,0
1881,68,69,74,75,85,92,3
1882,63,65,70,72,82,89,1
1883,55,19,30,44,19,53,1
1884,64,79,57,71,27,87,1
1885,62,36,52,56,78,78,0
1886,95,70,69,76,47,68,1
1887,83,51,66,71,73,81,1
1888,76,74,77,78,65,68,0
1889,71,76,61,73,41,79,0
1890,77,78,76,76,45,58,0
1891,80,71,74,79,43,57,0
1892,71,65,72,76,72,69,0
1893,72,31,57,58,75,77,0
1894,58,73,77,76,62,64,0
1895,69,57,72,70,72,74,0
1896,47,24,22,40,15,43,0
1897,87,47,62,73,68,72,1
1898,75,47,66,68,73,74,1
1899,77,71,69,76,57,62,1
1900,34,47,50,48,74,78,1
1901,79,67,69,76,39,56,1
1902,55,61,67,72,71,72,1
1903,54,43,67,68,71,68,1
1904,65,65,65,74,58,70,0
1905,57,60,57,66,37,45,1
1906,93,70,65,77,42,70,3
1907,58,34,48,56,64,75,0
1908,88,57,54,66,32,59,1
1909,66,63,64,67,51,62,0
1910,49,30,42,50,63,70,1
1911,55,40,54,53,62,73,1
1912,81,61,56,66,42,61,1
1913,67,31,55,58,62,73,1
1914,51,21,40,49,63,80,1
1915,62,63,52,61,34,76,1
1916,91,58,56,65,31,62,1
1917,55,14,29,43,11,39,1
1918,80,30,54,63,56,62,1
1919,66,60,64,67,52,61,0
1920,64,41,63,62,59,59,0
1921,64,55,61,62,60,63,0
1922,72,35,53,54,61,71,0
1923,67,54,57,65,58,62,0
1924,21,14,20,27,15,33,0
1925,60,51,59,61,57,59,0
1926,42,17,19,36,12,40,0
1927,63,56,43,55,21,55,0
1928,64,29,44,41,54,63,0
1929,66,56,37,51,24,62,0
1930,70,25,46,53,49,58,0
1931,68,45,52,56,45,48,0
1932,64,41,50,53,41,57,0
1933,80,66,70,80,43,45,0
1934,52,33,46,50,73,77,1
1935,64,51,61,65,70,78,1
1936,66,59,69,63,72,73,1
1937,41,21,23,42,15,51,0
1938,61,33,47,51,71,74,0
1939,41,22,23,40,21,45,1
1940,67,61,67,73,65,73,0
1941,79,64,63,74,33,51,0
1942,84,43,59,67,71,68,1
1943,61,71,53,60,37,77,0
1944,53,72,61,60,39,81,1
1945,86,68,52,66,24,71,1
1946,72,51,59,64,68,75,1
1947,88,63,59,66,49,65,1
1948,74,29,41,47,67,75,1
1949,64,62,68,69,62,62,0
1950,77,57,63,74,31,47,1
1951,80,45,55,70,61,60,0
1952,74,55,61,69,53,51,0
1953,65,60,61,59,60,63,1
1954,75,50,54,69,30,52,1
1955,25,14,19,27,12,36,0
1956,30,13,16,25,11,35,0
1957,51,25,39,52,22,54,0
1958,68,59,67,77,76,70,0
1959,52,57,67,71,72,76,0
1960,60,53,52,49,77,81,0
1961,94,67,67,73,56,60,1
1962,51,74,53,63,34,80,1
1963,88,48,66,72,69,71,1
1964,71,74,65,73,39,65,1
1965,54,37,59,58,73,78,0
1966,69,46,65,67,69,79,1
1967,88,67,61,77,30,67,1
1968,64,68,71,71,61,78,0
1969,56,68,76,76,41,62,1
1970,69,63,66,70,70,69,1
1971,83,34,59,67,68,68,1
1972,40,19,27,32,21,56,1
1973,88,52,60,69,66,79,1
1974,55,30,48,54,74,68,1
1975,85,56,61,75,26,52,0
1976,74,50,67,71,65,67,0
1977,65,42,54,54,70,70,0
1978,81,66,52,60,26,72,0
1979,89,59,58,68,59,62,1
1980,41,23,25,36,15,47,0
1981,73,59,53,65,32,70,0
1982,61,38,53,60,61,63,1
1983,53,33,46,49,61,62,0
1984,23,12,17,22,11,37,0
1985,48,22,23,32,15,43,0
1986,75,74,65,75,25,63,1
1987,73,62,72,77,65,66,1
1988,63,50,65,65,70,77,1
1989,66,40,61,70,67,71,0
1990,68,47,58,55,71,81,1
1991,62,55,66,71,58,66,0
1992,71,42,62,68,68,62,0
1993,70,67,65,74,33,60,0
1994,82,67,43,67,23,63,1
1995,88,62,57,72,26,65,1
1996,80,65,46,62,28,70,0
1997,69,55,65,73,45,64,0
1998,72,41,60,62,66,74,0
1999,52,51,65,70,61,60,0
2000,69,41,59,60,68,70,0
